fatigue,work_hours,sleep,screen_time,label,study_hours,social_media_hours,stress
19.17,9.59,7.55,11.86,0,0.0,1.2,8.0
29.7,7.38,6.69,10.33,0,6.9,2.8,8.0
32.93,6.31,8.87,8.92,0,1.4,3.1,1.0
45.47,8.34,8.13,10.7,0,1.0,3.9,1.0
51.61,6.97,5.85,9.83,0,5.0,4.4,1.0
54.16,7.24,7.53,9.09,0,7.2,1.3,4.0
68.83,8.09,5.04,11.64,0,5.6,1.5,4.0
78.89,7.15,5.89,9.98,1,4.3,1.0,8.0
84.39,8.72,6.19,11.8,1,4.4,2.2,1.0
83.86,5.93,7.88,9.17,1,4.8,3.1,10.0
17.37,3.0,7.49,6.81,0,4.6,3.7,3.0
14.76,7.96,6.23,11.25,0,3.9,2.4,1.0
20.89,5.05,5.76,7.38,0,3.7,2.1,9.0
20.52,3.79,5.81,6.12,0,3.4,2.7,10.0
23.1,4.69,7.92,7.09,0,2.4,1.5,9.0
23.44,3.0,7.75,5.05,0,3.1,5.0,7.0
28.23,6.49,7.37,9.6,0,1.0,0.6,8.0
31.62,10.04,7.6,11.83,0,3.4,2.7,1.0
32.6,3.12,6.65,5.08,0,2.0,4.9,5.0
36.7,6.83,6.03,8.81,0,1.8,2.5,2.0
3.78,4.49,6.21,6.53,0,3.8,2.3,1.0
9.83,5.47,7.97,8.1,0,5.6,2.1,3.0
14.72,7.71,7.57,11.12,0,4.9,2.3,7.0
19.01,8.94,6.79,12.85,0,1.1,4.1,1.0
18.12,6.99,6.51,8.58,0,2.0,0.0,2.0
23.36,7.69,5.3,9.7,0,4.9,4.3,2.0
29.98,10.01,6.51,13.75,0,2.0,0.8,4.0
29.12,3.85,5.49,7.57,0,3.2,2.2,3.0
31.2,4.31,7.3,7.55,0,4.3,2.0,3.0
33.26,5.54,7.79,8.48,0,2.0,3.2,10.0
18.66,9.43,5.32,12.64,0,3.7,0.6,5.0
24.25,3.81,8.55,7.4,0,1.5,3.1,3.0
26.79,4.6,8.06,6.58,0,2.6,4.9,7.0
31.26,5.42,6.76,7.17,0,4.0,0.9,5.0
38.22,5.5,6.85,9.35,0,1.1,2.7,4.0
37.68,3.28,6.59,5.87,0,4.2,1.7,3.0
38.86,4.91,8.54,8.74,0,3.5,3.0,4.0
43.47,9.24,10.06,11.96,0,4.3,2.5,2.0
55.61,6.05,5.37,7.89,0,3.8,1.7,1.0
66.05,9.01,6.94,12.18,0,5.5,3.1,3.0
19.12,10.73,7.55,12.33,0,3.7,4.7,2.0
17.49,5.59,6.51,7.2,0,2.9,2.3,1.0
24.92,3.78,5.11,6.39,0,3.7,3.4,1.0
24.99,6.54,7.6,9.05,0,4.3,0.9,2.0
34.9,10.0,5.85,13.71,0,3.6,1.4,9.0
33.75,4.09,7.15,5.96,0,3.6,3.1,5.0
39.77,3.36,7.07,5.03,0,2.4,4.3,9.0
40.78,6.92,7.04,9.62,0,2.5,2.9,8.0
50.65,8.91,7.1,12.54,0,1.4,2.1,6.0
54.85,4.74,8.71,8.49,0,6.1,2.5,1.0
8.29,4.78,7.58,6.56,0,1.6,1.0,10.0
20.43,6.12,5.87,9.64,0,2.5,3.2,5.0
26.64,8.82,6.64,11.33,0,2.4,3.6,1.0
28.52,4.22,6.31,7.35,0,4.8,2.0,7.0
36.97,5.65,8.07,7.69,0,3.1,1.9,10.0
30.66,3.34,8.28,5.52,0,5.4,2.8,8.0
34.08,4.03,6.73,6.54,0,2.5,2.0,8.0
44.12,9.56,7.66,11.94,0,3.9,2.4,7.0
58.57,8.01,4.5,10.18,0,2.2,5.0,2.0
54.23,3.49,6.58,5.13,0,6.7,2.2,5.0
9.09,3.74,7.08,6.03,0,1.7,2.1,4.0
14.62,5.89,6.88,9.56,0,4.0,1.7,5.0
24.06,7.24,4.69,9.94,0,4.5,3.4,10.0
32.3,9.34,8.12,13.04,0,4.1,2.3,9.0
34.7,4.63,7.86,6.32,0,3.2,1.7,4.0
31.55,3.94,6.73,7.56,0,3.3,4.1,8.0
40.32,8.74,7.05,10.26,0,3.6,4.2,8.0
43.07,7.2,7.3,9.54,0,3.3,1.8,2.0
47.31,8.49,8.69,11.63,0,4.9,0.3,6.0
42.42,3.71,9.11,7.38,0,6.8,3.7,5.0
9.1,4.14,6.02,7.09,0,2.7,1.7,2.0
21.84,6.84,6.22,8.77,0,1.4,3.4,10.0
31.84,7.88,6.2,9.67,0,3.4,0.1,4.0
45.6,7.13,7.56,10.22,0,7.4,3.6,7.0
47.78,6.62,6.46,8.82,0,2.3,1.0,1.0
55.25,3.0,6.59,5.54,0,6.0,3.4,9.0
61.3,6.34,7.68,9.65,0,6.0,2.5,10.0
78.28,9.0,6.23,11.49,1,2.7,1.4,1.0
91.17,7.69,5.61,10.24,1,4.4,2.0,5.0
96.5,3.91,5.92,7.38,1,5.9,3.3,7.0
16.7,6.89,6.56,9.89,0,2.9,2.6,8.0
14.02,4.01,8.43,6.06,0,3.2,3.2,2.0
25.29,9.24,7.58,12.51,0,2.6,4.9,4.0
19.95,3.49,7.52,5.18,0,2.0,0.6,2.0
26.72,3.94,7.95,6.1,0,2.5,4.4,4.0
28.62,3.0,6.86,6.45,0,1.7,2.6,6.0
28.29,3.88,6.13,7.04,0,3.6,1.4,6.0
32.5,5.19,6.3,8.24,0,2.3,0.9,2.0
36.75,5.03,5.48,9.03,0,3.9,2.3,4.0
41.86,5.98,6.53,8.84,0,1.2,3.6,4.0
12.76,4.33,6.7,7.87,0,4.0,2.3,1.0
21.98,8.29,6.66,10.67,0,4.8,4.3,2.0
25.3,4.6,7.0,6.84,0,0.5,0.8,3.0
46.19,8.07,8.96,9.92,0,4.1,2.5,5.0
52.92,6.18,7.07,8.02,0,5.3,1.0,8.0
53.89,4.75,8.12,7.27,0,1.7,2.9,6.0
51.02,3.0,9.33,4.52,0,6.0,3.6,3.0
64.32,8.29,4.68,10.24,0,4.1,2.0,6.0
79.07,7.78,5.08,10.9,1,2.4,0.0,7.0
85.6,5.34,7.61,8.84,1,3.4,2.7,6.0
17.07,6.85,6.26,9.33,0,4.3,3.0,10.0
30.46,7.7,6.34,10.39,0,3.6,3.0,6.0
41.38,6.58,6.21,10.54,0,4.3,4.0,1.0
53.2,5.77,6.32,9.67,0,2.1,1.2,3.0
56.39,3.98,7.95,7.67,0,3.8,3.3,7.0
62.21,4.81,6.75,8.61,0,1.4,3.9,4.0
67.77,5.32,6.53,8.85,0,3.3,0.4,4.0
71.46,5.13,4.5,7.5,1,2.1,2.9,7.0
81.87,8.78,5.97,10.64,1,2.4,1.9,9.0
95.98,9.19,6.3,12.68,1,5.4,2.4,2.0
22.74,8.16,5.41,11.7,0,5.1,2.9,9.0
28.95,5.08,7.91,8.75,0,4.4,1.9,3.0
32.82,7.97,7.18,11.0,0,1.9,1.7,6.0
41.39,5.59,6.54,8.54,0,3.0,2.5,4.0
53.76,8.62,4.6,12.18,0,5.3,1.2,1.0
53.8,3.0,7.5,5.23,0,3.7,1.2,9.0
52.84,3.0,7.75,5.22,0,7.0,3.3,6.0
59.74,5.29,5.85,8.8,0,4.1,1.1,8.0
58.22,3.73,7.63,5.91,0,3.8,3.3,2.0
59.59,3.0,6.23,4.76,0,3.0,3.1,7.0
22.36,8.88,9.76,12.02,0,3.7,0.4,6.0
30.86,9.22,5.03,12.23,0,3.3,1.7,2.0
37.77,8.74,5.66,10.66,0,4.6,3.9,2.0
42.75,5.06,6.82,7.74,0,4.9,1.3,4.0
46.89,5.65,8.45,8.62,0,2.3,1.9,4.0
48.63,3.86,7.42,7.76,0,1.5,3.1,3.0
55.11,7.14,7.55,10.72,0,0.7,3.4,8.0
63.82,10.04,6.38,13.72,0,4.3,2.2,7.0
62.8,4.74,7.31,6.71,0,1.8,1.8,2.0
63.84,3.0,6.37,5.08,0,0.3,4.2,3.0
11.02,3.0,4.7,5.17,0,4.1,4.6,10.0
9.23,4.24,7.73,8.15,0,7.2,3.7,9.0
13.35,5.05,4.96,8.5,0,3.5,2.6,5.0
22.16,9.76,7.75,13.69,0,4.8,1.5,2.0
25.43,7.53,6.09,10.9,0,3.6,1.5,3.0
36.54,8.03,7.24,11.08,0,3.4,3.1,8.0
42.97,7.88,7.7,10.44,0,4.9,3.0,4.0
45.23,5.13,7.31,8.16,0,3.1,4.2,2.0
43.8,4.08,6.3,7.27,0,3.9,3.3,2.0
48.61,4.4,5.68,8.24,0,4.0,0.7,6.0
25.75,8.02,7.25,11.61,0,2.5,3.8,8.0
30.57,4.71,7.54,7.84,0,5.0,1.3,7.0
35.76,7.56,7.79,9.28,0,3.2,2.0,4.0
56.49,8.89,7.9,11.58,0,2.4,2.8,2.0
74.52,8.83,6.74,12.06,1,4.3,4.9,9.0
90.0,9.96,8.69,13.02,1,2.2,6.2,4.0
95.41,5.2,6.15,8.68,1,3.5,3.2,9.0
105.92,7.87,5.39,10.43,1,3.5,2.3,5.0
117.35,9.05,7.09,11.45,2,5.1,3.1,7.0
120.7,5.69,8.65,9.32,2,4.2,3.6,5.0
15.64,10.13,6.32,13.13,0,3.5,2.1,2.0
18.13,4.93,7.22,8.07,0,4.7,4.7,6.0
17.84,3.0,6.61,6.33,0,5.6,2.8,7.0
22.18,3.37,6.98,7.25,0,4.3,3.1,6.0
37.16,8.48,5.82,11.67,0,3.5,3.3,3.0
37.67,6.97,6.53,9.21,0,1.5,3.0,10.0
38.16,7.93,7.51,10.56,0,1.9,3.5,8.0
47.61,10.09,7.98,11.81,0,3.0,1.8,3.0
54.03,4.74,6.4,8.71,0,2.6,1.8,5.0
56.37,7.87,4.5,10.8,0,3.2,1.2,9.0
8.44,5.41,6.53,8.0,0,3.6,3.0,5.0
17.34,8.18,6.21,11.19,0,4.3,3.4,7.0
25.41,8.83,6.85,12.0,0,3.4,3.0,7.0
24.95,3.7,7.26,6.45,0,4.2,4.5,5.0
31.22,7.14,5.62,10.24,0,3.6,2.5,2.0
43.64,8.18,6.69,10.71,0,0.5,3.3,5.0
53.43,6.35,5.42,7.94,0,2.1,1.2,7.0
59.92,8.93,5.92,10.99,0,3.3,2.0,7.0
65.58,4.64,6.73,6.18,0,1.7,3.3,4.0
65.06,5.82,7.19,7.88,0,4.4,3.5,1.0
23.33,9.89,5.89,12.69,0,5.8,2.1,6.0
27.56,6.76,5.84,10.07,0,5.3,2.4,3.0
39.33,7.71,8.58,10.43,0,3.2,0.7,5.0
40.79,3.95,5.45,7.19,0,5.7,2.1,4.0
48.35,6.44,6.81,10.38,0,3.7,3.6,2.0
58.38,9.36,8.91,11.61,0,3.0,3.2,7.0
59.21,3.08,4.5,5.72,0,2.6,3.1,5.0
59.71,3.32,6.53,6.19,0,3.0,2.6,7.0
70.01,8.69,8.44,11.15,1,2.9,2.5,9.0
66.46,3.35,8.01,5.57,0,3.8,1.7,4.0
26.85,7.88,7.64,11.39,0,3.7,3.3,5.0
40.81,8.65,6.39,10.52,0,3.5,3.0,9.0
47.27,4.05,5.89,6.41,0,4.2,3.1,10.0
53.77,10.07,6.76,11.93,0,5.3,1.9,4.0
71.39,9.07,7.46,12.06,1,4.9,0.0,5.0
79.75,8.74,8.18,12.36,1,1.3,3.8,5.0
80.81,4.87,8.72,6.47,1,0.0,1.9,8.0
93.86,8.51,6.29,10.34,1,4.9,1.5,4.0
94.83,4.19,8.05,5.88,1,1.4,3.3,4.0
93.79,3.0,6.69,6.27,1,3.2,2.0,7.0
14.65,4.02,5.99,6.25,0,1.7,3.8,5.0
13.5,3.0,8.04,6.94,0,0.8,3.2,6.0
21.44,4.89,5.01,7.58,0,4.3,3.3,6.0
29.53,7.92,4.99,11.19,0,4.6,0.9,6.0
41.44,4.8,6.91,7.9,0,2.6,4.0,10.0
44.41,4.4,5.38,7.86,0,0.0,2.8,5.0
47.11,5.1,6.64,7.15,0,2.7,2.1,5.0
46.36,4.32,6.33,5.88,0,4.1,2.7,9.0
51.99,6.87,6.95,9.97,0,1.3,0.4,8.0
58.24,9.33,7.08,12.35,0,3.8,3.0,4.0
19.01,5.97,4.96,8.73,0,3.5,1.3,7.0
22.18,4.63,6.72,6.8,0,4.4,0.9,8.0
25.61,6.83,6.15,8.38,0,3.7,0.7,9.0
34.73,6.85,6.55,8.53,0,2.0,3.8,5.0
35.97,5.35,7.77,7.41,0,5.3,1.7,3.0
39.1,4.51,8.39,7.58,0,3.3,4.3,4.0
42.83,4.56,6.81,7.3,0,3.5,1.9,10.0
43.55,3.83,7.78,7.12,0,2.1,0.5,6.0
54.85,9.91,7.55,13.76,0,2.8,1.2,10.0
62.24,6.58,6.02,10.51,0,2.2,4.0,5.0
26.38,9.82,8.05,12.08,0,3.2,2.3,9.0
33.16,9.68,7.01,13.48,0,6.1,1.8,3.0
34.59,5.81,6.86,7.99,0,1.4,2.7,2.0
41.41,7.91,5.59,11.02,0,1.1,3.1,6.0
44.38,4.9,7.82,8.73,0,5.7,3.8,7.0
48.79,6.91,7.24,10.31,0,3.2,4.2,5.0
57.26,8.22,6.25,9.97,0,2.5,2.1,1.0
54.6,5.37,7.89,8.7,0,5.1,0.9,3.0
61.68,4.71,6.74,7.96,0,2.6,2.0,3.0
64.74,6.99,5.16,9.09,0,6.2,2.8,4.0
23.31,11.64,8.32,15.41,0,4.5,1.3,10.0
23.08,3.27,5.68,5.89,0,2.8,1.4,6.0
23.29,4.32,7.02,6.48,0,6.7,2.9,5.0
25.85,7.65,9.16,9.45,0,2.6,2.4,1.0
33.04,5.81,7.9,7.87,0,4.6,2.5,6.0
43.19,9.43,6.42,13.38,0,3.9,1.6,9.0
46.36,7.85,8.25,9.78,0,5.5,2.2,1.0
50.73,7.84,8.12,11.22,0,5.8,1.4,8.0
60.06,7.57,8.87,9.55,0,3.5,3.6,8.0
60.96,3.75,7.53,6.23,0,2.4,3.7,3.0
26.46,7.37,7.43,10.76,0,4.2,0.3,9.0
22.97,3.07,7.46,6.94,0,2.5,1.4,8.0
37.69,8.26,5.39,11.99,0,6.5,0.7,3.0
41.7,6.54,7.95,9.15,0,3.7,1.7,10.0
43.7,3.66,6.94,7.03,0,3.0,2.4,5.0
53.25,9.72,8.12,12.32,0,3.8,0.8,3.0
55.11,5.51,6.09,7.23,0,1.5,1.4,5.0
73.31,9.06,4.81,11.33,1,2.0,1.3,9.0
79.81,3.4,6.62,6.44,1,5.3,2.7,4.0
89.43,9.53,7.24,11.62,1,2.5,2.6,6.0
27.89,9.02,5.23,11.16,0,1.9,1.6,3.0
30.24,7.46,8.07,9.58,0,4.3,2.7,3.0
37.99,3.18,5.81,6.96,0,5.3,1.8,5.0
46.72,8.38,7.21,11.19,0,4.6,2.2,8.0
64.37,9.51,5.02,12.64,0,5.0,4.5,8.0
73.49,8.24,6.82,11.08,1,2.4,4.1,3.0
75.22,4.44,6.49,7.8,1,1.4,0.9,8.0
84.49,8.65,7.92,11.2,1,5.8,3.5,8.0
89.82,4.92,7.5,8.39,1,3.0,3.5,3.0
101.79,8.63,7.06,12.01,1,3.1,1.1,10.0
15.86,5.83,6.17,8.2,0,5.5,3.5,10.0
17.23,5.13,7.87,8.29,0,4.3,4.3,2.0
30.19,7.69,8.11,11.26,0,4.2,1.2,10.0
30.5,5.07,7.0,6.79,0,6.7,1.4,2.0
41.17,6.49,8.91,10.12,0,2.5,3.7,9.0
44.52,6.55,7.86,8.34,0,4.9,2.8,7.0
40.2,4.33,7.5,5.87,0,3.6,3.2,6.0
42.55,4.16,8.3,7.26,0,3.9,2.9,7.0
45.85,3.0,7.87,5.75,0,5.8,3.0,8.0
54.61,8.12,6.93,12.11,0,4.3,0.9,1.0
12.88,3.87,8.64,7.47,0,4.3,3.8,8.0
22.11,9.38,7.15,12.82,0,5.1,3.9,3.0
26.63,3.0,6.98,6.94,0,3.0,2.2,3.0
42.74,8.17,7.87,9.72,0,2.2,2.4,6.0
54.81,8.49,6.17,11.91,0,1.9,0.7,4.0
55.47,3.0,5.89,5.4,0,0.6,3.1,4.0
58.91,4.54,6.54,8.37,0,6.6,3.2,4.0
65.03,8.86,7.04,10.65,0,1.8,2.4,10.0
77.02,7.74,6.05,10.91,1,3.2,3.8,9.0
82.64,3.18,7.62,4.76,1,3.1,2.1,8.0
18.35,7.26,7.49,9.03,0,4.0,3.2,3.0
29.02,4.52,5.09,7.89,0,4.7,1.3,1.0
38.9,8.6,7.93,12.6,0,4.8,2.5,1.0
53.47,8.16,7.32,11.09,0,2.6,2.3,1.0
52.26,3.35,7.0,5.67,0,3.2,2.8,4.0
73.28,8.48,7.78,11.8,1,3.9,2.1,6.0
83.97,9.07,5.7,10.84,1,3.1,2.3,4.0
96.82,7.76,7.22,11.02,1,5.9,3.5,3.0
99.22,4.16,8.09,6.93,1,4.2,2.0,8.0
98.64,3.45,7.35,5.01,1,4.6,0.6,8.0
24.39,9.65,7.29,11.49,0,4.5,4.6,6.0
36.45,8.99,8.53,10.66,0,5.3,4.2,9.0
37.99,5.06,5.85,6.93,0,3.8,0.9,10.0
51.94,8.66,6.71,10.58,0,1.6,3.3,1.0
56.75,5.95,8.12,9.28,0,4.1,1.9,8.0
60.8,5.93,8.41,9.39,0,2.5,2.8,6.0
67.82,4.39,5.99,7.96,0,2.7,2.9,1.0
63.35,3.21,8.65,7.07,0,4.4,2.2,4.0
78.2,7.86,5.93,10.63,1,5.4,1.6,5.0
87.92,8.19,7.41,11.12,1,3.5,1.7,7.0
16.34,6.9,6.39,10.89,0,4.0,1.4,8.0
18.67,3.0,6.89,4.75,0,6.1,1.5,9.0
23.88,8.84,7.49,11.12,0,3.9,2.4,6.0
23.05,3.31,4.5,7.27,0,7.4,1.6,10.0
39.01,9.63,7.25,13.27,0,4.3,3.3,9.0
44.75,7.62,6.65,10.03,0,0.9,4.3,4.0
43.66,3.35,7.59,6.65,0,4.6,1.8,8.0
45.38,4.7,7.02,8.09,0,4.1,2.8,3.0
56.09,7.37,7.09,10.65,0,5.4,3.1,4.0
58.61,4.04,6.52,6.77,0,4.5,3.1,10.0
24.75,8.46,5.84,11.2,0,3.3,2.6,4.0
17.88,3.0,8.92,4.97,0,1.7,3.4,6.0
33.37,7.65,6.42,9.52,0,3.2,3.1,9.0
42.71,7.21,5.09,11.15,0,2.2,1.0,6.0
57.71,10.4,7.73,13.32,0,2.6,3.5,1.0
70.4,8.1,5.55,11.47,1,4.4,3.6,5.0
70.14,4.54,9.59,6.47,1,6.0,1.6,9.0
82.41,9.04,5.63,10.96,1,4.1,2.5,5.0
78.59,3.2,9.9,5.56,1,1.7,3.3,6.0
79.52,3.8,7.55,5.58,1,4.2,2.2,3.0
20.75,7.74,7.45,10.81,0,5.3,3.8,8.0
37.36,9.64,8.14,13.26,0,2.6,5.3,10.0
53.41,8.82,7.83,11.47,0,3.3,1.6,4.0
68.94,8.79,7.76,12.11,0,3.5,0.8,4.0
76.87,6.1,6.14,7.82,1,2.3,2.9,5.0
95.24,10.44,8.78,12.38,1,4.5,3.4,10.0
110.22,10.29,6.77,11.92,2,3.3,2.2,9.0
117.77,6.54,7.62,9.35,2,4.1,4.2,8.0
134.04,10.15,8.79,14.03,2,2.2,0.9,7.0
143.92,8.31,8.17,11.32,2,2.8,3.3,5.0
16.68,6.02,6.28,7.77,0,4.6,1.8,9.0
34.73,7.22,6.55,10.74,0,2.9,4.6,9.0
45.12,8.01,5.74,10.65,0,6.1,4.9,10.0
64.26,9.01,5.21,10.95,0,2.9,1.6,10.0
77.92,7.91,4.83,10.98,1,3.8,1.8,2.0
93.98,9.74,7.72,13.26,1,4.9,3.5,4.0
100.57,6.25,6.37,9.12,1,1.4,2.0,8.0
115.47,9.97,5.86,12.38,2,0.9,2.4,1.0
125.49,8.91,5.7,11.08,2,1.2,2.5,5.0
134.61,7.35,7.94,9.78,2,5.4,0.2,8.0
22.33,8.5,6.22,10.55,0,2.7,2.5,2.0
29.27,6.13,6.38,10.1,0,7.3,1.7,2.0
45.52,9.59,5.69,12.12,0,2.7,1.9,8.0
47.94,5.16,7.62,7.5,0,3.8,4.2,10.0
55.24,4.23,5.85,6.83,0,5.8,1.0,9.0
57.97,5.72,6.22,8.95,0,6.5,3.5,7.0
59.8,3.67,8.46,5.47,0,6.6,2.2,8.0
68.82,8.37,6.51,10.29,0,5.3,2.2,5.0
79.32,8.55,8.09,10.69,1,5.0,3.4,1.0
89.1,8.4,7.01,10.69,1,4.4,2.9,4.0
21.47,8.0,6.37,11.66,0,4.7,3.2,2.0
35.11,10.27,8.53,13.91,0,2.7,3.7,3.0
32.62,3.45,8.12,6.49,0,2.3,2.1,3.0
41.61,7.45,9.16,9.78,0,3.5,1.8,9.0
44.41,4.96,5.69,6.75,0,3.2,1.2,10.0
56.09,8.28,6.26,10.18,0,2.8,1.5,4.0
59.21,3.2,7.67,5.11,0,4.5,6.0,2.0
59.28,4.04,4.74,7.2,0,4.9,4.0,3.0
65.46,4.4,6.77,7.56,0,3.6,0.9,3.0
82.19,6.47,4.5,10.13,1,5.7,0.9,7.0
16.3,7.76,8.56,11.65,0,1.8,3.1,8.0
15.82,3.94,6.46,7.17,0,3.2,3.2,6.0
23.79,8.5,6.66,10.8,0,2.4,3.2,4.0
27.79,4.22,6.63,7.83,0,0.7,2.2,6.0
23.42,3.11,9.1,6.66,0,3.4,2.3,1.0
29.83,9.73,7.48,12.15,0,3.3,2.9,10.0
32.74,3.0,5.95,5.14,0,5.8,2.6,8.0
33.25,3.96,6.91,7.46,0,4.4,0.0,1.0
42.01,7.48,6.41,10.63,0,2.0,2.2,5.0
48.11,8.93,6.73,11.04,0,6.3,1.5,2.0
19.91,7.81,7.04,9.84,0,5.3,2.7,6.0
25.67,11.03,5.98,14.09,0,4.4,6.1,9.0
20.84,3.99,7.82,7.66,0,3.2,2.9,5.0
30.2,10.32,9.0,12.6,0,2.1,2.1,4.0
32.23,3.26,6.4,4.8,0,2.9,3.6,2.0
36.3,8.58,5.54,12.09,0,5.1,3.1,3.0
45.49,8.04,9.11,11.84,0,6.3,3.0,6.0
55.36,8.5,7.2,12.26,0,5.8,3.2,8.0
58.19,6.36,7.96,10.15,0,2.8,5.0,8.0
57.56,3.37,7.56,7.36,0,1.8,1.1,5.0
17.38,6.42,6.63,8.82,0,3.7,3.1,5.0
25.47,5.65,5.69,8.33,0,0.8,1.4,10.0
32.1,5.94,5.86,8.88,0,4.0,3.2,3.0
30.59,3.0,6.86,4.7,0,3.3,1.4,7.0
34.72,5.63,6.82,8.4,0,2.8,2.0,6.0
43.74,7.08,7.68,8.78,0,1.1,2.1,1.0
54.58,9.33,7.65,13.18,0,4.3,3.7,4.0
57.23,3.0,6.17,6.26,0,2.7,3.6,6.0
56.02,3.3,6.28,6.94,0,1.7,1.0,6.0
71.81,9.06,5.82,12.67,1,0.0,2.6,3.0
26.43,8.82,6.68,10.8,0,3.5,1.6,6.0
33.72,5.08,7.27,7.4,0,6.2,1.0,10.0
46.01,8.2,6.27,10.64,0,6.0,2.2,6.0
60.03,12.14,5.17,15.22,0,2.8,2.1,9.0
66.01,3.49,6.02,6.38,0,2.6,5.4,9.0
70.4,3.93,6.45,7.14,1,4.2,3.0,2.0
69.1,4.28,6.05,6.62,0,2.0,0.8,4.0
72.87,4.29,6.3,7.61,1,4.0,1.8,9.0
88.42,9.98,5.51,12.74,1,4.6,3.7,4.0
97.76,8.35,6.54,12.1,1,5.3,5.0,8.0
24.88,9.53,8.02,11.8,0,3.3,0.6,10.0
29.62,5.51,6.92,8.18,0,3.2,0.2,3.0
34.35,4.95,6.96,6.78,0,2.2,4.7,3.0
51.07,9.56,6.14,11.73,0,2.3,3.0,9.0
50.96,4.21,6.67,7.77,0,3.2,1.5,10.0
59.05,3.0,5.24,6.9,0,4.1,3.1,8.0
76.15,8.47,5.01,12.23,1,4.9,0.0,1.0
81.53,5.35,7.9,7.87,1,2.3,2.5,10.0
89.69,7.63,6.47,11.2,1,5.7,2.9,2.0
97.46,6.86,8.14,10.67,1,3.1,3.6,3.0
30.28,9.7,6.74,12.8,0,3.5,1.3,2.0
36.45,6.03,7.15,7.76,0,2.4,2.6,3.0
50.36,8.77,10.09,10.9,0,0.0,1.4,8.0
62.34,8.76,7.99,10.32,0,4.8,2.8,6.0
72.38,5.38,6.82,7.91,1,4.6,1.4,7.0
79.17,7.4,7.77,10.03,1,3.1,2.0,10.0
90.61,9.58,10.8,11.26,1,3.6,1.3,10.0
95.34,6.62,7.25,8.76,1,4.3,3.3,6.0
93.89,3.76,8.64,6.4,1,1.2,3.5,1.0
98.17,3.1,7.07,6.3,1,2.7,2.2,3.0
21.29,7.55,6.77,11.09,0,4.7,2.5,1.0
25.26,3.0,8.78,4.62,0,1.6,0.8,10.0
39.18,8.36,6.07,12.08,0,3.9,2.1,9.0
39.19,8.1,6.94,9.64,0,1.5,2.4,9.0
50.34,5.12,6.65,8.95,0,4.2,5.6,5.0
65.5,8.97,6.38,12.25,0,3.4,1.2,4.0
57.88,3.26,8.47,6.96,0,1.1,4.3,9.0
64.71,5.44,5.48,7.09,0,5.2,3.7,9.0
65.68,5.36,7.34,9.3,0,2.4,2.8,3.0
76.75,6.35,6.32,9.66,1,2.3,4.6,5.0
13.86,5.29,7.53,6.91,0,3.8,2.9,3.0
18.1,9.19,8.24,11.4,0,5.2,3.0,10.0
31.17,7.58,6.32,9.85,0,2.0,2.4,2.0
31.46,3.18,5.1,6.84,0,3.6,4.0,1.0
41.46,8.15,8.82,11.49,0,4.1,3.8,10.0
52.58,6.98,7.26,9.24,0,4.5,1.7,2.0
65.87,9.34,6.86,13.14,0,3.8,0.9,8.0
63.55,5.49,6.33,8.91,0,2.9,2.3,8.0
77.13,8.46,6.68,11.05,1,2.3,1.5,3.0
86.9,8.03,7.09,11.29,1,3.6,2.4,7.0
10.29,3.97,7.98,6.18,0,1.9,4.0,7.0
16.54,4.1,6.72,7.43,0,0.0,2.0,2.0
19.66,5.22,7.87,7.13,0,4.2,2.4,9.0
20.45,3.98,7.82,6.08,0,4.9,2.6,3.0
20.0,3.13,6.15,4.72,0,0.0,3.5,2.0
34.62,7.58,7.5,11.07,0,2.0,0.0,3.0
52.47,9.28,5.95,12.74,0,4.4,1.8,2.0
68.78,9.12,6.12,12.18,0,6.6,2.8,8.0
73.27,4.38,6.97,7.96,1,3.5,3.9,5.0
70.7,4.37,5.9,7.12,1,2.4,1.9,3.0
25.87,10.59,4.76,13.19,0,3.2,0.2,5.0
33.36,4.43,7.53,6.24,0,5.6,3.2,8.0
33.14,7.17,7.57,9.33,0,2.5,1.7,7.0
41.72,7.63,7.02,9.96,0,2.3,1.1,6.0
52.59,11.07,7.03,14.66,0,2.8,1.8,1.0
60.13,4.33,7.06,7.81,0,2.1,2.3,10.0
57.65,5.38,8.07,9.08,0,3.7,1.8,1.0
59.02,9.57,4.64,11.11,0,5.9,0.0,1.0
64.3,3.89,7.78,5.68,0,4.0,3.6,10.0
65.04,4.08,7.32,6.32,0,3.1,4.0,8.0
18.09,7.18,9.34,8.8,0,3.1,3.3,8.0
26.0,8.8,8.06,12.08,0,1.2,1.1,7.0
37.54,8.53,8.08,11.95,0,4.8,2.3,6.0
40.24,3.24,5.17,6.14,0,3.4,2.5,4.0
57.0,8.38,8.1,10.49,0,3.2,3.2,1.0
56.09,4.54,6.94,6.15,0,8.3,3.3,9.0
69.26,9.93,6.28,11.67,0,3.9,1.6,1.0
76.68,3.0,7.33,4.65,1,2.4,2.6,4.0
83.14,7.1,8.1,8.68,1,2.9,3.0,3.0
82.17,3.83,7.11,5.52,1,5.2,4.2,7.0
14.34,3.0,7.1,5.6,0,3.7,3.3,5.0
25.11,7.4,6.35,10.85,0,1.3,3.4,5.0
30.62,7.52,7.78,9.91,0,4.9,2.6,4.0
27.19,3.72,7.28,6.05,0,2.5,4.2,1.0
25.59,3.8,5.17,7.73,0,6.3,3.0,5.0
30.81,5.39,5.66,9.35,0,5.1,1.5,4.0
40.63,8.11,6.21,11.86,0,2.8,4.2,10.0
47.35,8.44,9.59,11.65,0,5.4,3.3,8.0
54.32,3.0,5.54,6.85,0,3.6,2.0,2.0
59.61,9.58,5.75,11.37,0,4.8,1.9,8.0
11.9,3.0,6.82,6.5,0,4.2,2.9,1.0
8.46,3.28,6.67,6.88,0,2.2,3.1,4.0
13.77,3.0,6.79,6.62,0,2.5,2.7,3.0
15.85,9.26,7.22,12.36,0,5.0,2.9,5.0
20.71,8.73,8.2,12.0,0,3.0,4.5,5.0
28.97,10.52,8.35,12.19,0,2.9,3.8,5.0
36.7,8.19,6.9,10.3,0,2.1,2.7,4.0
37.38,8.86,6.06,12.67,0,4.1,3.6,8.0
40.28,5.51,7.49,8.32,0,6.6,1.3,3.0
39.88,4.89,6.06,7.12,0,1.9,3.0,4.0
17.44,11.13,6.33,14.85,0,3.5,4.7,1.0
20.17,7.76,5.74,9.59,0,5.6,2.2,7.0
20.5,4.15,7.08,7.91,0,3.4,1.5,1.0
24.57,5.54,8.78,7.5,0,4.2,1.7,2.0
29.81,6.11,7.95,7.92,0,1.9,1.2,7.0
25.64,4.24,7.37,7.17,0,4.1,1.6,1.0
33.81,10.57,4.8,13.43,0,3.2,2.1,3.0
37.05,7.72,6.98,9.36,0,5.0,0.8,6.0
41.84,8.52,6.89,11.4,0,5.3,2.5,6.0
42.5,4.41,7.88,8.09,0,7.4,3.6,6.0
14.68,9.82,7.53,13.4,0,4.4,1.4,2.0
17.53,4.31,8.51,7.02,0,4.0,4.3,2.0
13.0,3.0,8.84,6.74,0,3.8,3.1,6.0
19.65,8.76,7.72,12.01,0,3.0,3.7,10.0
28.38,9.02,6.14,12.44,0,4.0,1.7,5.0
34.51,7.27,4.94,9.11,0,3.1,3.5,7.0
34.9,4.9,6.29,6.41,0,3.8,1.2,7.0
38.11,6.86,8.16,9.73,0,5.5,3.6,5.0
40.22,4.43,8.2,7.42,0,2.0,2.7,8.0
45.03,6.44,5.87,9.74,0,5.2,3.2,10.0
14.95,8.33,7.49,10.41,0,5.5,1.1,6.0
26.37,10.98,5.28,12.49,0,3.3,1.4,5.0
28.29,6.69,6.94,9.64,0,0.3,3.2,4.0
32.55,9.42,7.81,11.77,0,2.6,1.4,7.0
41.99,9.61,6.51,11.19,0,5.4,3.1,4.0
45.56,4.6,5.76,7.11,0,3.5,0.9,5.0
45.44,4.42,7.46,7.69,0,2.0,3.5,5.0
57.66,9.37,8.0,12.93,0,2.7,1.0,1.0
58.12,5.46,7.33,7.59,0,4.8,3.2,1.0
57.97,7.23,8.94,10.57,0,4.3,3.3,3.0
8.94,5.74,7.9,8.82,0,3.1,1.7,3.0
10.75,3.19,6.72,4.78,0,2.9,3.2,2.0
17.83,4.58,6.67,7.74,0,2.9,2.8,2.0
36.68,11.88,6.27,15.7,0,2.1,1.9,6.0
36.75,4.04,6.81,6.48,0,5.9,1.3,1.0
31.89,3.47,7.87,6.14,0,3.0,0.1,6.0
50.7,8.41,5.23,11.46,0,5.3,2.9,5.0
52.78,4.13,8.75,7.28,0,5.8,0.6,6.0
51.43,4.42,7.09,7.17,0,5.0,2.6,5.0
65.12,10.05,8.06,13.6,0,2.9,2.2,7.0
17.89,9.2,5.57,10.73,0,4.1,3.3,1.0
19.81,3.44,7.34,7.15,0,3.5,2.1,3.0
22.38,8.51,7.01,11.45,0,2.1,2.1,6.0
28.1,4.54,6.98,6.6,0,4.0,3.4,1.0
34.72,7.69,4.65,9.55,0,1.7,2.9,7.0
34.07,5.39,6.55,7.93,0,5.3,2.9,4.0
40.84,5.53,6.88,8.67,0,2.8,3.1,3.0
40.38,5.99,9.86,8.84,0,3.8,0.7,10.0
49.53,8.68,8.94,10.58,0,3.9,3.4,9.0
44.98,3.4,7.18,6.13,0,3.1,3.2,1.0
20.88,8.3,6.69,10.26,0,4.4,1.3,8.0
23.95,6.97,10.21,8.75,0,2.8,2.2,1.0
46.42,10.61,6.88,12.96,0,4.8,2.5,5.0
50.07,4.34,6.49,7.13,0,1.5,2.3,10.0
46.8,3.09,5.46,5.75,0,3.7,2.9,8.0
60.2,8.21,9.49,10.67,0,6.4,4.2,6.0
74.74,4.75,6.18,7.7,1,2.0,3.8,7.0
77.76,6.45,6.42,8.58,1,2.5,0.9,8.0
83.77,7.37,6.75,10.08,1,4.3,3.2,6.0
96.31,8.55,7.72,12.26,1,3.8,4.1,6.0
8.22,4.67,6.04,6.46,0,4.0,3.0,6.0
14.27,7.37,7.8,10.22,0,4.2,3.8,5.0
18.85,4.73,6.9,7.51,0,4.5,4.9,8.0
24.69,9.26,6.37,11.69,0,5.2,3.7,2.0
29.7,9.0,7.93,11.39,0,4.1,2.8,7.0
34.75,6.43,8.94,8.67,0,3.1,3.8,4.0
43.62,8.73,9.76,10.33,0,4.5,2.7,1.0
48.46,9.61,6.8,13.27,0,6.3,2.5,5.0
48.67,5.55,6.89,7.79,0,3.3,2.1,3.0
53.79,3.85,7.52,5.63,0,2.0,4.4,4.0
12.97,5.63,6.62,7.22,0,5.2,1.5,7.0
19.27,4.19,6.67,8.02,0,3.3,4.3,5.0
21.98,5.84,5.59,8.54,0,0.2,3.1,4.0
29.28,5.51,5.83,7.77,0,4.8,0.8,1.0
31.68,8.01,6.77,10.91,0,2.7,2.9,6.0
40.41,9.7,6.75,12.3,0,3.4,0.0,10.0
49.1,9.14,4.84,10.91,0,4.0,3.3,6.0
60.81,9.14,6.19,11.31,0,3.8,3.6,7.0
61.05,5.61,7.23,7.53,0,4.6,1.8,1.0
68.45,9.44,9.44,12.39,0,2.8,2.6,4.0
20.31,9.07,8.44,12.94,0,4.3,4.8,9.0
31.21,9.14,4.89,10.93,0,3.1,1.9,10.0
32.48,5.15,9.09,7.72,0,4.6,1.2,6.0
38.02,4.58,6.86,6.3,0,4.4,4.3,2.0
35.84,3.0,6.94,5.43,0,2.1,4.9,4.0
41.99,6.98,8.51,9.75,0,5.1,2.5,6.0
50.28,7.6,8.17,9.81,0,2.7,3.7,4.0
61.71,10.04,5.83,12.92,0,4.7,4.1,10.0
63.69,4.29,9.29,7.66,0,4.1,1.6,7.0
67.96,3.98,8.29,7.51,0,6.3,1.9,3.0
27.52,8.9,7.27,12.13,0,3.2,4.0,6.0
36.44,5.12,5.8,7.18,0,3.0,4.5,4.0
47.39,8.11,6.62,10.22,0,3.5,3.2,3.0
59.71,9.33,6.93,12.84,0,3.0,1.4,3.0
71.25,8.98,5.9,11.76,1,4.7,4.9,2.0
75.26,3.94,7.34,6.05,1,1.1,1.9,3.0
78.72,4.59,5.2,8.41,1,1.9,2.1,10.0
85.42,4.8,7.0,7.32,1,1.9,2.9,1.0
89.24,5.23,7.69,7.17,1,4.9,4.4,3.0
91.05,4.24,6.07,8.01,1,6.1,3.5,9.0
14.01,7.33,7.94,9.28,0,3.3,3.0,4.0
14.55,3.51,5.02,7.3,0,3.2,3.1,3.0
29.03,10.48,5.98,13.07,0,3.6,2.6,8.0
38.56,9.57,8.25,13.41,0,5.2,3.2,1.0
42.39,5.27,7.8,7.42,0,2.1,0.0,5.0
48.86,4.85,5.4,7.19,0,3.9,2.1,1.0
53.17,6.01,7.45,9.21,0,5.0,2.8,7.0
62.42,9.44,7.91,11.31,0,4.3,1.1,5.0
63.37,5.1,6.24,6.86,0,3.8,3.0,2.0
65.93,5.14,7.9,6.73,0,5.0,2.3,1.0
8.88,3.69,6.24,6.21,0,0.0,4.6,7.0
14.0,7.64,6.0,11.5,0,4.5,4.4,1.0
15.61,3.0,6.39,5.86,0,2.5,1.9,3.0
24.29,9.64,5.95,12.41,0,0.8,2.3,6.0
22.03,5.4,7.26,8.41,0,4.3,2.4,6.0
26.18,7.04,8.69,9.2,0,5.6,2.0,7.0
28.47,9.45,6.5,13.11,0,3.3,2.7,1.0
33.15,5.11,7.61,8.75,0,4.9,1.6,7.0
35.24,4.56,6.41,6.68,0,5.9,1.1,2.0
38.45,5.07,7.19,7.81,0,5.5,3.2,6.0
22.51,7.56,6.37,10.65,0,6.0,3.3,8.0
31.1,7.12,7.05,10.28,0,4.6,1.5,5.0
47.37,6.8,5.74,10.59,0,3.6,3.6,10.0
53.32,7.69,6.8,9.85,0,1.1,1.7,3.0
52.13,3.26,8.58,6.66,0,3.1,2.8,8.0
51.53,3.51,7.17,6.04,0,2.2,3.5,8.0
63.9,9.27,6.87,12.63,0,6.8,2.5,4.0
74.72,9.1,7.64,11.56,1,3.2,3.0,8.0
91.83,10.24,6.68,13.11,1,3.7,1.9,5.0
99.64,7.88,7.74,10.04,1,4.3,2.3,5.0
11.15,7.1,8.79,10.06,0,3.6,2.3,3.0
20.4,3.53,7.85,6.55,0,6.0,1.6,7.0
28.58,9.27,7.93,12.24,0,2.6,2.3,9.0
30.29,4.55,8.89,6.26,0,3.8,0.6,9.0
28.68,4.15,6.23,7.2,0,2.4,1.9,1.0
34.58,3.52,5.61,5.33,0,1.5,2.2,1.0
31.68,4.4,7.65,6.42,0,2.6,2.2,10.0
32.94,3.52,6.28,7.36,0,3.4,2.2,5.0
42.81,9.05,7.6,10.73,0,2.9,2.4,1.0
47.78,8.11,9.4,10.88,0,2.5,3.1,4.0
17.14,9.38,6.87,12.6,0,1.4,3.5,1.0
22.02,9.21,7.63,12.8,0,3.4,1.7,2.0
25.14,4.18,4.92,7.57,0,1.2,1.1,2.0
24.13,5.62,8.09,7.83,0,4.6,1.2,4.0
30.92,9.43,5.94,11.65,0,3.6,1.9,8.0
37.17,4.7,6.91,7.66,0,1.3,2.1,2.0
40.56,7.16,9.09,9.91,0,3.0,1.6,9.0
43.55,4.23,8.13,5.96,0,2.4,0.9,9.0
46.49,6.04,7.99,9.1,0,4.0,2.0,2.0
53.64,7.98,5.15,11.06,0,5.5,2.7,1.0
20.68,8.29,7.64,11.76,0,0.7,3.2,10.0
38.45,9.31,7.93,11.68,0,3.7,1.8,10.0
48.94,8.4,8.0,10.51,0,3.3,2.0,9.0
64.65,7.1,7.23,9.36,0,4.5,1.4,2.0
64.02,4.67,7.56,6.99,0,3.8,2.5,8.0
69.92,5.35,7.98,7.86,0,2.4,1.5,3.0
75.96,8.4,7.79,10.1,1,3.0,3.2,1.0
88.66,4.17,5.78,8.14,1,2.3,0.4,1.0
89.22,4.08,8.22,7.24,1,5.1,2.1,10.0
88.04,5.75,7.98,9.14,1,3.5,2.9,2.0
14.46,4.09,6.9,7.31,0,6.4,2.7,7.0
16.47,5.31,7.14,7.99,0,3.4,5.7,6.0
32.46,8.4,5.46,11.86,0,2.4,2.9,2.0
49.64,6.79,7.1,9.67,0,1.2,1.3,4.0
50.79,4.11,9.82,6.23,0,0.8,2.4,2.0
57.53,6.72,7.04,8.3,0,1.1,0.4,1.0
73.42,10.01,5.55,11.54,1,3.9,2.4,3.0
80.16,6.3,8.01,8.94,1,4.3,1.5,4.0
81.73,4.98,8.7,8.7,1,1.1,3.6,10.0
86.04,4.83,8.09,7.58,1,4.8,1.8,5.0
26.35,9.51,5.89,11.17,0,2.8,2.4,5.0
26.31,4.44,7.8,6.7,0,3.7,1.7,7.0
31.4,4.77,6.33,7.42,0,5.9,4.6,10.0
34.61,5.24,6.1,7.97,0,4.8,2.1,8.0
45.55,3.0,6.44,6.94,0,3.1,4.7,9.0
60.18,7.59,6.52,11.39,0,2.2,3.5,7.0
64.98,4.48,6.1,7.27,0,0.3,3.1,5.0
67.92,6.94,6.3,9.08,0,2.4,2.9,9.0
77.92,7.86,7.86,11.7,1,3.2,3.0,8.0
88.82,4.61,6.77,7.26,1,2.0,0.2,10.0
12.83,7.78,7.6,9.92,0,3.3,2.2,9.0
24.42,8.62,7.3,12.48,0,3.6,3.5,10.0
22.44,3.0,6.11,4.62,0,3.2,2.4,8.0
24.29,4.33,7.33,6.93,0,2.5,0.8,6.0
33.69,9.54,6.73,12.46,0,3.8,2.4,4.0
32.67,6.65,6.98,9.95,0,4.2,4.5,9.0
36.95,4.9,5.14,7.74,0,1.9,4.0,9.0
38.5,7.17,8.26,9.14,0,5.6,2.4,10.0
46.07,10.57,5.85,13.79,0,3.4,3.6,10.0
56.17,8.15,7.04,9.97,0,3.5,2.1,9.0
5.72,4.14,6.2,6.88,0,4.6,0.5,10.0
10.5,4.78,8.45,7.89,0,3.8,1.4,3.0
10.49,4.84,6.38,8.55,0,4.9,4.4,3.0
14.37,5.29,6.72,7.81,0,3.9,2.2,6.0
14.9,5.5,6.43,9.05,0,2.6,2.2,6.0
21.82,9.14,4.83,11.31,0,4.0,2.1,6.0
22.71,7.68,4.93,11.48,0,1.8,4.8,5.0
35.5,8.09,7.38,10.47,0,3.7,4.5,5.0
33.32,4.25,6.73,5.91,0,3.5,5.2,2.0
31.28,3.0,8.53,6.74,0,3.2,2.3,7.0
8.77,3.86,6.01,7.6,0,3.3,2.9,4.0
26.24,7.87,7.55,9.86,0,0.7,0.7,3.0
34.13,7.42,6.38,9.74,0,2.7,4.3,8.0
44.62,4.55,5.01,7.39,0,3.6,1.1,4.0
50.33,4.33,7.73,7.84,0,3.7,2.8,4.0
44.27,3.85,7.28,7.12,0,2.0,1.2,8.0
62.24,9.36,7.02,13.11,0,5.4,1.8,1.0
80.18,8.86,7.43,12.56,1,2.2,1.5,9.0
89.83,8.66,6.88,12.45,1,5.0,1.8,7.0
100.54,8.65,7.77,11.79,1,4.1,1.9,2.0
28.85,9.92,5.89,12.14,0,2.5,1.8,6.0
37.9,10.92,6.07,14.17,0,6.2,3.5,8.0
50.19,9.48,6.53,12.79,0,1.7,1.2,5.0
55.8,7.79,6.53,9.6,0,4.9,2.8,6.0
71.52,9.72,6.11,12.34,1,5.0,4.0,10.0
69.04,3.68,7.23,5.31,0,2.5,1.9,8.0
75.24,5.74,6.55,8.49,1,5.6,1.6,6.0
77.69,5.85,5.86,9.46,1,3.1,2.2,9.0
80.07,3.34,7.51,6.48,1,3.9,3.9,9.0
87.87,9.02,9.27,10.9,1,3.9,2.7,9.0
15.63,8.51,5.68,10.26,0,3.3,1.9,6.0
25.96,9.2,8.08,10.85,0,4.7,3.1,9.0
32.0,8.47,6.03,12.04,0,4.7,1.2,3.0
42.01,10.38,6.1,14.12,0,0.9,3.3,5.0
50.02,8.28,6.23,11.48,0,5.5,3.0,2.0
61.17,10.57,5.83,13.49,0,1.0,2.1,8.0
62.34,3.0,6.51,5.43,0,5.0,1.5,4.0
63.49,4.96,4.71,8.26,0,5.2,1.4,6.0
75.08,8.43,7.27,10.93,1,1.9,3.1,6.0
75.57,6.25,7.3,8.38,1,2.9,4.0,5.0
18.73,8.54,7.61,12.07,0,1.8,1.7,1.0
26.4,6.48,7.34,8.4,0,3.2,3.1,7.0
42.93,10.8,8.16,12.53,0,3.0,0.0,10.0
56.48,8.27,7.97,10.85,0,4.7,1.8,8.0
64.48,9.09,6.81,13.02,0,5.5,2.5,1.0
68.22,3.11,6.5,5.48,0,5.6,1.4,10.0
70.62,5.44,7.47,7.88,1,2.7,1.4,7.0
76.54,5.87,6.33,7.68,1,3.2,1.7,4.0
85.36,7.89,7.74,10.66,1,1.0,2.9,6.0
83.75,3.33,8.0,5.79,1,2.3,2.3,9.0
13.11,8.7,7.99,12.67,0,4.9,0.0,5.0
14.96,5.87,7.95,7.94,0,5.9,0.0,8.0
26.93,10.05,6.25,13.87,0,1.6,1.8,5.0
28.57,3.51,8.07,7.17,0,2.6,3.0,2.0
28.74,8.7,6.56,12.18,0,3.5,0.0,4.0
31.15,3.1,6.86,5.17,0,3.9,1.9,2.0
34.26,6.79,7.39,10.62,0,2.3,1.9,7.0
42.12,6.1,6.3,8.95,0,4.1,4.2,7.0
45.83,8.56,6.67,11.93,0,2.8,2.0,3.0
55.23,10.25,8.33,11.82,0,3.5,3.0,7.0
9.51,3.68,7.75,6.28,0,4.3,2.7,1.0
11.56,3.64,7.4,6.83,0,3.5,0.0,1.0
16.72,4.39,7.98,5.98,0,2.8,3.4,9.0
17.13,5.52,7.29,7.06,0,3.3,2.8,6.0
20.64,3.0,7.58,5.73,0,3.4,3.1,5.0
32.11,8.05,7.46,12.03,0,2.9,7.2,6.0
42.48,5.7,6.26,7.82,0,3.1,0.0,6.0
42.11,3.0,6.63,5.53,0,5.9,4.6,1.0
49.66,5.99,5.68,7.77,0,4.3,2.2,5.0
48.9,5.73,6.98,8.99,0,3.1,2.8,9.0
8.93,3.48,8.69,7.37,0,4.5,2.4,4.0
10.96,8.3,5.87,10.55,0,3.0,2.0,3.0
20.04,10.72,7.21,13.7,0,5.3,1.8,1.0
22.05,3.0,7.81,5.21,0,4.1,2.9,2.0
20.83,6.86,6.25,8.55,0,3.3,0.7,3.0
28.06,4.87,7.58,8.56,0,4.2,3.4,4.0
33.18,8.37,7.2,10.64,0,1.1,2.0,7.0
28.14,3.11,6.79,5.81,0,1.8,1.1,6.0
37.16,7.12,8.5,8.98,0,1.7,2.0,8.0
35.68,5.5,6.92,8.68,0,3.7,4.0,9.0
20.25,7.56,6.23,10.67,0,6.1,1.9,6.0
27.75,5.91,6.78,8.9,0,6.8,2.9,7.0
33.13,9.02,6.77,12.79,0,4.5,1.6,4.0
33.32,3.81,6.25,6.69,0,4.3,3.4,2.0
47.98,7.28,6.79,11.24,0,0.8,3.3,9.0
59.14,8.73,5.33,10.5,0,2.7,4.7,9.0
62.62,5.28,5.88,7.01,0,2.3,2.3,4.0
56.96,3.42,8.54,7.11,0,2.6,3.3,3.0
71.77,6.34,4.5,8.71,1,3.2,2.6,10.0
75.89,5.15,6.65,7.33,1,2.8,4.1,6.0
18.98,7.13,6.39,9.09,0,0.5,1.6,3.0
14.84,4.47,6.45,8.27,0,4.6,3.4,1.0
26.29,7.59,8.11,11.59,0,1.9,2.3,4.0
20.52,4.6,8.18,7.27,0,3.9,2.4,1.0
25.45,3.0,5.88,4.95,0,6.6,2.6,2.0
20.97,3.0,5.82,5.81,0,2.1,2.8,3.0
28.07,7.23,6.31,10.09,0,0.0,2.4,8.0
37.99,6.51,7.33,8.45,0,3.1,2.8,10.0
43.76,8.87,7.22,10.86,0,5.2,4.4,4.0
48.01,5.43,6.51,8.47,0,6.4,3.7,4.0
17.04,6.52,6.66,10.09,0,1.7,3.5,10.0
20.57,5.74,9.36,8.22,0,4.2,2.0,9.0
15.94,3.0,7.62,4.71,0,2.8,1.4,7.0
34.11,9.76,6.89,12.18,0,3.3,3.6,2.0
35.14,3.6,6.81,5.36,0,7.5,3.6,3.0
39.95,8.92,6.58,11.58,0,1.2,4.3,4.0
59.99,8.65,7.04,10.73,0,3.9,1.8,4.0
60.37,8.85,6.93,11.11,0,4.2,2.2,10.0
67.12,4.79,7.68,7.15,0,5.1,0.5,8.0
71.06,7.6,7.87,9.59,1,3.6,2.0,10.0
7.11,3.65,8.58,6.56,0,4.0,3.7,10.0
22.5,9.57,6.02,12.39,0,2.9,1.9,6.0
23.74,3.74,8.02,6.91,0,3.9,3.3,3.0
25.18,7.1,5.9,8.62,0,3.0,2.3,9.0
35.63,4.6,6.28,6.75,0,4.4,2.9,10.0
34.94,5.07,5.48,8.17,0,2.9,1.1,8.0
49.85,8.08,6.21,10.18,0,4.1,2.6,9.0
61.89,8.11,5.67,10.93,0,3.5,0.0,5.0
64.18,3.49,6.76,5.15,0,5.2,2.3,3.0
63.25,4.4,6.32,7.37,0,3.4,0.5,4.0
22.2,9.82,6.58,11.47,0,0.8,3.9,5.0
26.41,9.74,7.79,12.27,0,5.4,3.4,9.0
29.34,9.09,6.97,10.96,0,2.1,3.1,9.0
36.87,9.28,8.76,12.48,0,2.5,4.3,3.0
39.41,4.63,6.5,7.77,0,2.6,1.4,7.0
43.32,5.28,6.95,8.23,0,5.6,4.6,6.0
47.47,7.02,7.36,9.51,0,0.3,3.6,4.0
46.69,4.36,8.11,6.73,0,8.2,2.2,5.0
50.24,3.0,4.98,6.76,0,5.1,3.9,10.0
49.6,3.72,8.21,7.6,0,3.8,1.2,2.0
15.45,7.83,6.58,11.53,0,3.4,1.5,7.0
15.68,4.04,7.2,7.83,0,3.9,1.8,4.0
28.55,5.98,4.62,7.78,0,4.3,1.9,2.0
33.88,3.4,7.87,6.3,0,4.5,1.2,6.0
39.13,5.78,8.02,8.81,0,4.3,4.0,2.0
43.01,4.49,7.72,7.33,0,3.6,2.2,10.0
45.66,4.21,7.36,6.55,0,3.2,2.9,2.0
45.68,3.8,7.38,6.38,0,3.3,1.8,7.0
52.15,4.85,7.39,8.68,0,3.2,0.3,1.0
52.69,5.18,8.96,7.81,0,5.2,2.8,7.0
24.68,8.78,8.16,12.09,0,4.4,0.2,10.0
24.12,5.36,8.72,8.4,0,0.0,2.4,5.0
44.09,10.76,7.76,12.4,0,4.5,0.9,1.0
53.78,8.5,9.12,12.19,0,3.8,4.9,6.0
52.46,4.34,7.31,6.85,0,3.5,3.6,7.0
64.17,7.27,6.56,10.82,0,2.9,2.6,1.0
71.46,7.46,6.64,9.03,1,5.2,4.0,9.0
80.23,7.93,7.92,9.71,1,4.9,1.5,7.0
89.25,6.21,5.64,9.72,1,2.3,3.2,1.0
94.95,5.41,5.8,7.61,1,4.1,2.7,3.0
26.39,8.37,6.97,10.62,0,2.0,2.8,5.0
26.63,3.48,6.92,6.44,0,1.4,4.0,4.0
25.52,3.0,6.57,6.0,0,2.6,3.4,2.0
32.66,4.9,6.25,8.68,0,4.8,2.8,1.0
49.26,9.68,7.33,11.63,0,4.9,0.5,4.0
47.69,3.67,7.02,5.83,0,4.3,1.3,7.0
67.85,8.74,6.76,11.54,0,4.6,2.4,4.0
67.38,4.38,4.94,7.76,0,4.3,2.6,9.0
85.55,8.41,7.38,11.81,1,2.5,1.1,8.0
89.96,5.76,6.94,8.9,1,4.1,5.4,8.0
19.27,7.46,5.88,10.34,0,4.7,4.3,5.0
18.91,7.78,8.21,10.6,0,4.6,3.2,1.0
24.84,4.4,5.61,7.81,0,5.3,2.6,9.0
23.95,6.31,8.92,8.06,0,4.6,2.2,2.0
30.5,5.38,6.34,6.99,0,4.0,1.4,6.0
33.18,7.44,5.49,9.2,0,5.1,2.6,10.0
35.87,6.25,7.42,9.0,0,3.5,2.8,5.0
44.82,8.03,4.62,10.77,0,2.2,1.0,10.0
47.12,5.24,7.8,8.31,0,3.3,2.9,8.0
59.22,9.12,5.93,11.46,0,2.4,2.3,3.0
13.75,5.11,8.79,6.83,0,2.5,0.2,6.0
22.53,4.7,5.96,8.65,0,3.3,1.5,6.0
29.21,7.09,5.95,10.89,0,2.3,2.0,10.0
28.2,3.0,6.99,6.23,0,3.0,4.8,3.0
37.44,8.52,6.37,11.98,0,0.7,3.2,7.0
50.05,8.69,7.06,12.44,0,3.8,0.9,4.0
58.85,5.18,6.06,8.17,0,3.5,3.1,5.0
68.03,9.41,7.78,10.99,0,2.3,0.6,9.0
87.57,10.83,5.82,13.57,1,4.5,3.8,6.0
81.62,3.0,7.44,6.39,1,4.9,1.9,10.0
10.57,3.0,6.37,5.38,0,1.1,2.4,4.0
12.34,7.77,8.28,9.46,0,2.4,4.1,8.0
11.75,8.92,9.04,11.09,0,2.3,1.0,9.0
21.99,9.08,7.17,11.71,0,2.1,0.8,10.0
28.06,8.55,7.77,10.3,0,4.7,1.8,5.0
33.2,9.25,4.95,10.85,0,3.2,3.7,2.0
37.49,9.26,8.73,13.19,0,3.1,0.7,6.0
49.53,9.79,7.91,12.89,0,0.5,0.0,8.0
52.81,5.28,7.91,8.37,0,4.5,2.0,5.0
63.46,9.6,6.84,12.28,0,1.6,3.2,1.0
11.87,3.0,6.83,4.74,0,3.6,3.9,8.0
26.64,10.54,6.95,12.13,0,3.9,1.9,9.0
43.1,7.1,4.73,8.66,0,5.5,2.0,1.0
59.99,9.09,7.63,12.9,0,1.5,3.9,8.0
59.27,3.67,8.05,5.48,0,0.0,0.3,10.0
76.57,8.11,8.08,11.93,1,3.8,2.0,2.0
85.08,8.06,6.44,10.68,1,6.2,2.7,4.0
93.93,7.22,7.23,10.16,1,5.4,3.0,2.0
102.78,7.91,6.92,9.52,1,3.8,1.9,2.0
106.94,3.89,7.22,6.0,1,2.8,2.5,10.0
21.51,7.45,6.95,10.47,0,4.7,0.0,3.0
24.65,5.19,7.18,8.43,0,2.0,1.7,8.0
38.65,11.12,6.97,13.42,0,4.2,3.0,4.0
42.83,3.92,6.02,6.71,0,4.3,1.3,7.0
50.17,5.8,7.74,7.87,0,5.1,2.6,10.0
48.3,5.4,7.39,7.64,0,7.6,3.0,3.0
60.49,7.4,7.81,10.78,0,4.1,2.1,10.0
67.21,6.95,5.26,10.12,0,2.7,2.7,3.0
85.58,9.15,6.37,12.24,1,3.5,1.3,2.0
90.09,4.85,6.8,8.66,1,0.8,2.3,6.0
8.43,3.18,7.61,6.35,0,2.5,3.2,6.0
18.74,8.02,7.47,10.76,0,2.9,2.7,1.0
22.72,4.7,6.52,8.36,0,2.7,1.8,7.0
29.73,8.27,8.37,11.0,0,3.7,2.8,4.0
32.15,4.03,5.07,7.14,0,2.3,3.4,3.0
38.44,7.0,7.34,8.64,0,5.2,0.0,8.0
37.23,4.29,7.1,8.15,0,3.5,3.9,2.0
45.37,8.49,5.76,10.73,0,3.5,2.1,9.0
52.01,5.23,6.38,8.46,0,3.0,3.0,8.0
55.32,5.26,6.1,8.11,0,3.7,3.9,8.0
23.26,8.18,8.26,10.55,0,4.7,0.9,3.0
34.31,8.84,7.55,10.64,0,2.2,1.6,4.0
36.29,8.7,7.52,11.6,0,2.5,2.2,2.0
36.98,5.01,5.26,9.0,0,3.0,1.6,2.0
40.02,3.17,7.36,5.29,0,1.5,4.6,4.0
50.61,9.82,6.46,12.94,0,2.3,1.5,6.0
50.1,4.75,6.02,7.96,0,2.8,1.8,5.0
55.83,4.85,5.27,7.78,0,4.8,2.7,1.0
52.52,3.66,7.89,5.42,0,3.9,1.1,10.0
67.31,10.28,7.64,13.68,0,3.8,2.0,1.0
15.12,8.86,7.9,12.45,0,4.8,2.9,6.0
16.91,3.43,5.93,5.36,0,3.3,2.1,3.0
30.73,10.49,6.83,13.94,0,4.1,2.4,3.0
44.1,10.4,7.32,13.91,0,3.3,1.9,7.0
48.81,5.6,7.77,8.06,0,3.9,0.7,1.0
56.18,9.36,8.44,13.03,0,2.6,2.9,1.0
74.6,10.03,6.49,12.83,1,0.0,4.6,10.0
80.52,8.53,6.45,11.35,1,3.3,2.5,3.0
92.31,7.65,8.52,11.55,1,5.6,2.8,8.0
97.46,7.38,7.87,9.33,1,4.9,3.3,1.0
12.81,4.93,8.35,6.84,0,4.9,1.0,10.0
17.86,9.45,6.23,11.15,0,5.4,4.5,4.0
21.42,7.54,9.31,9.77,0,3.6,2.7,9.0
26.15,5.93,6.99,7.99,0,3.8,4.5,4.0
26.13,8.59,7.17,10.64,0,2.6,1.6,10.0
28.36,3.0,7.99,6.16,0,3.0,4.7,8.0
29.53,3.94,6.69,7.92,0,4.4,3.4,7.0
30.91,7.3,7.54,10.58,0,5.3,3.2,3.0
38.24,9.19,5.3,10.73,0,3.3,2.8,7.0
42.73,7.67,6.84,10.37,0,2.8,2.2,7.0
9.32,5.94,8.24,9.8,0,3.5,3.9,10.0
19.51,7.14,7.22,10.84,0,4.4,2.7,3.0
31.89,8.01,6.48,10.95,0,1.3,0.1,2.0
34.82,4.57,7.43,7.58,0,0.1,1.2,9.0
33.73,4.27,7.94,6.98,0,2.7,2.3,1.0
48.94,8.86,6.72,11.47,0,1.7,2.9,7.0
51.05,5.31,6.94,8.18,0,2.7,2.4,4.0
43.62,3.17,7.81,5.83,0,3.3,4.0,2.0
59.18,6.56,6.54,9.43,0,2.8,0.2,2.0
61.82,4.04,6.8,7.06,0,5.7,2.7,8.0
16.95,6.88,9.16,9.18,0,4.0,0.3,7.0
29.66,8.79,8.29,10.59,0,4.0,3.4,7.0
43.84,8.36,6.58,10.37,0,4.4,2.4,5.0
54.55,7.25,6.64,9.48,0,1.8,3.0,10.0
68.15,10.08,7.34,13.79,0,5.1,1.5,8.0
77.49,8.2,8.5,12.0,1,3.4,4.0,2.0
82.34,5.11,6.88,8.46,1,4.5,3.8,2.0
96.6,7.69,8.67,9.95,1,1.9,3.2,5.0
104.35,7.97,7.66,9.64,1,1.2,2.3,1.0
114.46,8.42,6.44,10.81,2,4.7,3.2,6.0
22.68,9.45,5.69,11.63,0,4.1,1.7,4.0
21.2,3.78,7.2,6.53,0,2.1,3.5,6.0
27.89,5.56,5.89,7.84,0,2.2,4.5,7.0
29.45,4.87,6.36,7.97,0,5.2,3.8,3.0
27.91,5.64,6.73,7.45,0,1.7,1.6,8.0
40.7,7.88,5.96,9.45,0,6.0,2.9,7.0
44.78,8.19,5.87,10.12,0,2.1,0.9,1.0
44.76,6.36,8.85,9.09,0,4.5,3.2,6.0
49.65,5.07,6.58,7.55,0,3.0,3.0,7.0
53.78,9.08,5.94,10.68,0,4.4,0.3,4.0
23.03,8.01,6.1,11.68,0,2.7,1.1,2.0
24.97,3.58,6.24,6.49,0,3.3,2.2,10.0
34.89,10.38,6.21,12.36,0,3.6,2.1,9.0
44.46,5.53,6.55,9.39,0,2.0,1.0,7.0
48.0,5.68,6.98,8.69,0,4.6,3.0,1.0
60.02,6.15,5.63,9.27,0,2.7,2.8,8.0
74.25,8.97,5.46,12.61,1,3.2,2.3,3.0
81.22,5.98,7.0,8.75,1,2.0,1.6,4.0
91.0,7.86,7.21,9.81,1,0.0,3.8,5.0
97.69,5.41,5.88,7.83,1,3.2,4.5,1.0
24.11,8.85,7.66,12.09,0,7.1,1.9,6.0
34.86,8.17,5.19,10.28,0,4.7,1.8,10.0
58.17,9.69,5.45,12.77,0,3.5,3.1,6.0
57.58,3.0,7.96,6.35,0,3.1,2.1,2.0
69.76,8.14,8.53,12.09,0,3.5,2.3,10.0
62.27,3.0,7.28,4.76,0,4.3,3.4,6.0
75.62,6.44,6.73,9.39,1,1.7,0.2,8.0
70.23,3.0,7.76,4.76,1,5.2,4.1,6.0
73.76,4.65,6.49,8.64,1,4.6,2.6,4.0
80.14,4.26,8.08,6.35,1,4.6,2.0,4.0
4.88,3.08,4.79,5.87,0,4.2,2.4,9.0
17.39,6.86,4.5,9.5,0,3.5,2.5,6.0
23.31,3.79,6.6,5.76,0,4.5,0.4,8.0
33.91,8.43,7.08,10.38,0,4.4,4.3,8.0
34.8,4.35,7.08,8.06,0,3.0,2.5,7.0
48.12,7.48,7.78,9.08,0,2.6,3.0,3.0
64.16,6.8,8.4,9.33,0,3.7,3.6,10.0
78.98,8.04,7.11,11.45,1,5.8,1.3,1.0
83.05,6.95,9.15,8.47,1,1.6,3.1,5.0
85.3,3.0,6.96,6.22,1,1.3,2.2,10.0
21.35,9.84,6.29,12.31,0,3.7,3.5,10.0
28.01,9.48,6.5,13.45,0,3.6,0.0,2.0
35.37,7.87,6.67,10.88,0,3.8,2.4,10.0
39.61,7.27,7.1,9.84,0,3.9,1.8,2.0
41.66,5.82,6.89,9.56,0,3.2,3.0,7.0
49.02,6.51,8.41,8.57,0,5.7,3.1,3.0
49.69,3.35,6.85,6.95,0,1.1,1.7,8.0
51.46,4.63,6.64,7.26,0,2.3,1.6,9.0
60.68,7.21,5.8,10.29,0,3.3,2.4,8.0
69.3,7.08,7.43,10.1,0,1.0,1.4,6.0
22.03,8.77,7.35,12.12,0,3.2,3.5,5.0
41.97,10.21,5.59,14.18,0,6.0,2.1,3.0
59.71,10.45,7.43,14.15,0,3.5,0.0,3.0
63.69,5.84,6.12,9.38,0,3.8,2.1,7.0
84.62,7.58,5.83,11.55,1,1.6,1.3,5.0
91.5,8.71,6.16,11.34,1,2.6,0.5,6.0
94.62,4.4,5.18,7.63,1,2.9,1.0,6.0
104.67,8.51,6.93,11.49,1,3.0,2.6,9.0
107.98,6.66,8.4,9.93,1,5.4,4.1,1.0
109.99,3.26,5.03,6.48,1,4.3,2.9,8.0
